id,owner_id,title,description,daily_rate,created_at,condition,is_available
1,25,Re-contextualized 6thgeneration algorithm,"We side enough. Short indicate police marriage phone.
Lot source rate father authority. Citizen indeed less future.",121.2,2024-07-30T17:54:45.880254,Fair,False
2,17,Seamless intangible encryption,"Value return couple city you level. Market bed hotel lead drive.
Any example our successful pull experience. Suggest issue think. Shake hand hundred now crime network. Hit late near stay.",194.36,2025-03-05T08:05:54.476840,New,False
3,47,Reduced fault-tolerant utilization,Others enter pretty. Officer return on color pick people subject challenge. All way body affect finish. Include data maybe particularly.,27.34,2025-03-02T18:50:54.826470,Good,False
4,22,Innovative zero administration forecast,"First give value somebody event business quality. Time house generation significant chair among.
Under pretty section degree still even. Receive case past only drug prove most.",26.75,2025-02-16T22:48:52.086925,Fair,True
5,30,Phased mission-critical projection,"Fly position traditional become off. School sure also TV individual study value.
Small control see the face also.
Owner up friend lawyer political modern threat. Surface life cover both.",5.63,2024-07-08T15:09:43.472034,Good,False
6,49,Fully-configurable 24hour firmware,"Land environment form old of. President realize artist brother fill. Rather type thousand show real police.
Pass despite card check security paper. Reduce tree serious soon stay seven.",39.84,2024-11-13T03:52:04.084083,New,False
7,20,Integrated uniform adapter,Staff second official and general. Must art thus worry. All important shoulder she within position inside.,169.13,2024-08-14T08:21:07.264497,Like New,True
8,24,Multi-tiered discrete encryption,Choice country themselves she allow produce. She this administration deal beyond almost our reflect. Each analysis keep.,153.69,2024-05-15T09:43:22.786839,New,False
9,21,Synergistic interactive open architecture,Win walk provide. Five indicate chance heavy senior list support. Tax certain leg arm include.,100.28,2025-02-26T19:53:18.449829,New,True
10,20,Decentralized value-added system engine,"Receive region however dream focus. Herself move grow end mention. Letter sort reveal seven floor data fine.
Ten scientist administration network once result far.",51.69,2024-09-06T19:00:40.234308,Like New,False
11,6,Quality-focused secondary approach,Stuff avoid stand. Share include successful. Attack character despite lay art.,21.7,2024-10-04T19:13:15.710934,Fair,True
12,49,Total directional framework,"Behavior here need. Pm reflect bar suddenly.
With wind thus try discover top realize. Little another avoid understand tonight nor allow. Administration debate certain star start up.",108.88,2024-04-01T01:14:15.127106,Like New,True
13,43,Optional discrete archive,Shoulder western however similar ahead event yeah make. Need heart control one herself sign. Something require bank child Republican.,97.68,2024-04-19T03:59:18.638787,Like New,True
14,34,Cross-group heuristic neural-net,"Our foot history factor hold be top toward. Occur college herself catch feeling.
As itself inside machine. Guess want result many. Crime blood fight we forward per sound forget.",175.12,2024-05-24T09:56:48.389948,Fair,True
15,35,Quality-focused contextually-based software,"Well left remain. Something story attorney summer some pull. Plan drug probably resource.
Last our old move. Myself so growth time Mr point. Body eat professor coach.",152.28,2024-08-25T17:53:02.762007,Like New,False
16,20,Expanded multi-state matrices,Best reveal laugh attack and represent against. Possible quality clearly worker during company. Former interview left something.,82.8,2024-10-16T11:27:01.859385,Good,True
17,34,Seamless hybrid parallelism,"Goal leader common purpose song try. Be care brother figure consumer really memory industry.
Himself control player really population yourself never. Eye cost success people tend weight machine.",93.04,2024-12-22T14:19:43.294885,Like New,True
18,5,Re-contextualized value-added throughput,Member of environmental myself yard my series. National wrong bill stop seem fear. Last give stage.,70.93,2025-03-05T00:13:40.479568,Like New,False
19,15,Implemented explicit orchestration,"World quickly believe while size try yeah. Reduce car chair focus.
Majority officer environmental increase later plant. Idea seek reason theory.",6.4,2024-11-16T17:38:01.938015,New,True
20,5,Business-focused 6thgeneration attitude,Administration upon citizen lead yeah into yet. Think few themselves theory. Pressure economy head tough. Appear personal rise sense.,181.56,2024-07-24T16:30:18.203135,Good,True
21,33,Innovative client-driven implementation,"Attention none particular clearly. Reveal physical character in rather team.
Cause but role goal. Fire cause everybody base network outside.",51.41,2025-02-24T01:03:11.838635,Fair,True
22,35,Visionary asynchronous adapter,"Add democratic two we. Media pick may indeed reduce bar. Mrs check base bad TV window choice. Hospital plant strong race at recognize.
Each under break partner. Finally score scientist budget.",30.8,2024-12-19T04:43:13.019384,Fair,True
23,31,Assimilated full-range workforce,"Model enjoy window physical many. Growth matter note happy effort bill off. Direction meeting analysis television.
Line him change. Need trial scientist.",162.46,2024-03-15T08:24:12.106091,Like New,True
24,7,Exclusive explicit open system,"Drug happy will young simply run national somebody. According improve do get.
Ability price support road billion morning.",133.5,2024-08-03T11:20:10.525610,Good,True
25,27,Reverse-engineered non-volatile approach,"Door end fire song. Fish evening avoid dark sister once. Black last finish building.
Later leg system bed space. Step recent American structure foreign. Represent why how any.",96.07,2024-04-29T04:21:57.242352,New,False
26,42,Open-architected holistic software,"Old else spend against. Cup position speak begin. Business walk anything under item right. Ahead raise common Democrat cost evidence third.
People early far include nearly article evidence case.",196.91,2025-01-02T12:51:21.291525,New,True
27,26,Grass-roots analyzing workforce,Group once do city easy drop move. Shake way offer work. Great stuff suddenly compare or south.,147.0,2024-07-08T15:02:57.690901,New,True
28,13,Ameliorated client-server parallelism,"Suffer team whether health. Only from follow wish run join.
Company why really up skin development. Sport her safe family concern ability reduce of. Allow own TV whose determine not view.",42.09,2024-03-12T21:46:40.148834,Fair,True
29,28,Networked leadingedge superstructure,"This manage her national. Stock small official serve. Class available suffer far five.
Game thousand claim avoid. Full world throw relate.",40.78,2024-07-22T05:29:14.008334,Fair,True
30,5,Optimized background frame,Lose best deal point with list break size. Major produce before name continue those hard. And keep enjoy student nor character recent. Beat gas must wife.,91.41,2025-03-11T16:22:12.710382,New,True
31,42,Self-enabling client-server policy,"Treat trial attack hold however for. Mind true actually red onto.
Increase challenge onto serve. Understand none big experience. They there enough pressure occur list common.",199.86,2024-06-03T16:46:02.920274,New,True
32,49,Innovative value-added intranet,"Rock painting become kid tree. Scientist service test start middle city. Remember idea sister modern notice.
Themselves customer arm almost anything. Relate ever statement measure play buy.",170.5,2024-07-18T04:27:31.879586,Like New,True
33,32,Diverse empowering synergy,"Agree anyone take sister Democrat. Positive question especially important after.
Treatment positive over across education source figure.",98.86,2024-06-29T10:54:57.007131,Fair,True
34,11,Customer-focused mission-critical architecture,"Political technology end represent throughout. Could military drive arm tax. Identify floor cause agent market fast trade identify.
Remain occur couple risk develop movement size trade.",78.9,2024-04-24T10:59:29.793661,Fair,True
35,30,Business-focused scalable paradigm,Author threat matter test high fear approach take. Yeah garden would throughout. Century television Congress ball forward would finish. Above event seven collection.,60.62,2024-03-17T13:56:38.919234,Fair,True
36,13,Inverse web-enabled moderator,"Quality phone eat. Fine bill me fill assume animal.
Road others full thousand yet garden top. Seek close trade speech affect difference.
Safe operation college hand practice. Heart policy side.",62.86,2024-09-15T06:58:37.048109,New,False
37,48,Secured bottom-line forecast,"Marriage participant sing story. Group important civil nature travel.
Doctor actually become book off management. Single avoid rich toward. Lead with enough anyone spend.",110.73,2025-01-31T14:38:00.971180,Good,True
38,4,Advanced client-driven protocol,"Group just perform there behavior spring. Box hundred lead structure.
Power someone both receive around wall. Billion treat lot notice. Consider here grow agreement range stuff.",118.91,2024-11-23T07:39:54.922709,Like New,True
39,33,Cross-platform intermediate protocol,"Generation put his stuff next write approach. Measure light many close.
Drive wife anyone development poor idea. Bad know of because material. Budget market president bill include news.",20.62,2024-10-03T19:49:11.521771,Like New,True
40,39,Streamlined static knowledgebase,Stay staff such forward should outside. Respond box service develop game stop. Natural hear blood to manage.,18.25,2024-09-30T11:59:48.209480,Like New,True
41,8,Optional optimal matrices,Reality community spring billion. Paper focus thing industry participant realize eat huge. Wife laugh card include record security.,188.61,2024-10-31T01:15:44.076470,Like New,False
42,39,Triple-buffered bifurcated task-force,Lose number project individual security subject experience. Space mission agent certainly prove customer. Worker raise chair artist.,12.75,2024-11-10T03:20:19.117744,New,True
43,43,Multi-tiered human-resource instruction set,Approach season data than team kitchen difficult. Sense national owner simply who family. Work avoid while same.,118.82,2024-11-09T04:31:05.648405,Good,True
44,14,Pre-emptive object-oriented neural-net,Six fish detail contain. Skill city myself idea. Determine degree forward guess despite sell.,135.6,2024-09-06T05:45:38.690682,Good,True
45,17,Implemented solution-oriented core,Bank benefit will significant mouth phone decision. Similar ten interest billion Mrs reflect wish simple. Section child learn forward.,82.18,2024-08-01T16:49:38.596138,Good,True
46,21,Decentralized national ability,"Series one red authority. Blood skin feeling beat she join house. Listen mouth carry. Someone support far plant fear thought.
Network never but. Of hour natural. Fight security tough gas.",186.16,2024-07-20T21:08:11.910809,New,True
47,30,Synchronized solution-oriented encoding,"People too fish late pattern. Really charge note space when.
Finish size Republican. Everybody growth quickly former lose knowledge.",126.13,2024-10-29T03:14:01.536319,New,True
48,35,Reduced optimal initiative,Trade necessary myself your line. Hand development sign run. Card may bed hair action. Summer southern pass coach method.,46.57,2024-11-24T11:19:50.144742,Good,True
49,23,Programmable scalable focus group,Name community president half president structure might heavy. Might good test main lot.,176.77,2024-10-14T18:55:29.738549,Like New,True
50,19,Devolved responsive migration,"Chair coach two might if wide point.
Describe paper likely loss. Store over some star consider.",35.76,2025-01-27T00:42:59.262558,Good,False
51,42,Public-key motivating system engine,"Lot candidate owner still. Miss have analysis morning director sort.
Open scientist seven recent best care. She travel base our myself election accept. Official brother according.",108.14,2024-07-25T15:44:43.922695,Good,False
52,7,Realigned mission-critical extranet,General relationship save talk process security land. Beyond meet skill song.,188.09,2025-01-17T02:25:09.349420,Like New,True
53,8,Programmable executive core,"Member recognize past purpose growth pretty wish beautiful.
Good house only military say attention. Near risk next on.",178.49,2024-10-08T09:55:45.360484,Like New,True
54,19,Team-oriented leadingedge implementation,"Show serious which learn leave only agree. Election him small detail. Son include good movie red.
Expert human see garden never. Live government thus especially.",122.94,2024-12-16T13:43:43.857667,Good,True
55,44,Quality-focused 6thgeneration matrices,"Firm together thing off ever consumer share memory. Develop office approach son long must. Girl team simply lead build million firm.
Purpose here beyond.",128.68,2024-12-29T15:29:01.859622,Good,False
56,32,User-centric coherent leverage,"Instead care throw piece.
Size feel no nothing huge real. Democratic effect stuff benefit. Employee growth newspaper special general in.",53.97,2024-07-04T22:27:21.715115,New,True
57,41,Streamlined explicit strategy,"Popular even know television guy only whole including. Take by doctor edge.
Cold billion as these nature. Side model you.
Peace base use hope director. Kitchen call money color along.",87.6,2024-08-09T23:49:37.671331,Good,True
58,1,Distributed exuding access,"Spring summer gas light across two water.
Across involve fall discuss account. Country think join economic resource position. Determine bad personal might son party.",70.04,2024-10-25T21:27:27.637158,Like New,False
59,17,Ergonomic fresh-thinking adapter,"Wide against win. Especially resource road do character.
Game find son your less. Form such weight. Entire hotel myself consider.
Stock business should eat side kitchen. Current same behind.",36.51,2025-01-21T21:09:47.952436,Fair,False
60,46,Extended bifurcated encoding,Address some once how during why. Situation little other he become citizen before peace. Art green child movie blue maintain first next.,88.4,2024-06-16T15:00:14.354326,New,True
61,5,Multi-lateral logistical ability,"Safe third people hair per fly. Probably much hold model. She child executive important focus benefit probably.
Condition all blood court.
Politics home majority perhaps opportunity any determine.",189.28,2025-01-31T15:50:54.686112,Like New,False
62,3,Multi-layered tertiary approach,More same strong back democratic. Best rise mother country moment eat personal. Next newspaper second short. Group learn professor third coach Congress husband.,167.75,2024-03-12T12:15:44.376594,Like New,True
63,9,Automated executive policy,"Career three according worker Democrat fire sign.
Memory number occur behind leave choose enter. Economic eight feel now notice design baby foot.",13.16,2024-08-18T01:33:20.197598,Good,True
64,23,Decentralized zero administration emulation,Plant place approach. American music change maybe determine anything rule. Wife send offer bed it skill. Car bar number any.,45.96,2024-08-14T03:12:09.974133,Like New,False
65,7,Monitored content-based Graphic Interface,"Pretty show college glass start sort perhaps key. Current health serious table both. Drug per challenge.
Gas sound figure. Age decade Mrs data model else low.",73.97,2024-11-06T13:59:52.304800,Fair,False
66,48,Advanced asymmetric info-mediaries,"Ten affect test power discuss herself. Tough machine others because.
Whom night Republican always two figure majority. Adult range green few.",35.14,2024-10-26T21:44:45.679321,Like New,True
67,12,Focused intangible encoding,"Interview fine painting last. Deal catch must son. Finally relate model career.
True fish newspaper we brother fish they. She they increase.",176.88,2025-01-15T11:35:31.931750,New,True
68,48,Phased transitional projection,System man case cover. Impact why understand. Development provide dark daughter computer western.,185.28,2024-03-27T22:21:18.863697,Fair,False
69,48,Fully-configurable multi-state monitoring,"Newspaper might piece. Couple keep this. Leave institution party approach might.
Stop later reveal both single visit receive. Hotel food agent law.",163.1,2024-09-29T10:44:50.820854,Good,True
70,45,Balanced zero administration concept,The television class certain shoulder anything final. Eye Congress together whether about she activity. Talk myself accept third down open little.,26.08,2024-10-21T15:12:49.103932,New,True
71,15,Team-oriented tangible policy,Concern lay often use behavior federal happy. Star serve successful assume likely business. Forget including decide decade around.,43.92,2024-04-24T14:43:22.336264,Fair,True
72,20,Persistent responsive utilization,"Son yourself increase free night. Action cut example so film.
Food accept rate game right pattern ahead. Create street two look. Something population loss physical throughout Mr friend.",165.0,2024-05-12T01:23:46.310828,Like New,True
73,2,Robust human-resource contingency,"Ten seem relate fire. Even beautiful theory. Later week democratic few born size. Tree kitchen agent lot matter.
Type run model simply century the. Quality car right least require mission about.",133.71,2024-10-31T18:33:38.681310,Fair,True
74,18,Expanded fresh-thinking customer loyalty,"Everybody five kid brother chance. Boy when nice bill my.
Even wall sound off commercial find. Music anything ahead tough anyone himself. Interview condition other or.",173.55,2025-02-10T11:04:02.199983,Good,True
75,42,Managed zero tolerance Graphic Interface,Air little goal leave color should page. Meet if research blood. Power society mouth husband including per nature.,104.33,2024-10-16T22:44:38.053152,Good,True
76,8,Synergized radical throughput,Management produce bed stage thought tough. Serious produce laugh. Hope official crime race first.,176.02,2024-07-06T15:10:30.524027,Good,True
77,38,Multi-tiered impactful implementation,Deep community cause new successful growth individual. Young prove care author administration. Price window career case south team throw.,192.69,2024-12-21T21:56:00.201409,Good,True
78,7,Persistent multi-state artificial intelligence,"Because line score whether back plant something fine. Tough movement action. Mention light safe inside whether sometimes eye.
See risk nor article list college appear wrong.",121.33,2025-03-10T08:04:48.674954,Good,False
79,21,Visionary human-resource encoding,Decision same generation politics. Apply less live live. Do raise hope enjoy most itself eye.,90.1,2024-05-17T03:39:13.301503,New,True
80,37,Reactive 24/7 service-desk,"Activity best billion land.
Edge alone people arm order. Wear point remain build task.
Prevent tonight not whose to receive. Far produce away law yet.",42.07,2024-06-15T00:50:47.490266,New,False
81,28,Automated asynchronous archive,"Since affect marriage present a. Professor entire record. Off middle vote make job such.
Difficult his ready sister building movement yard. Radio hundred place where before movement.",5.33,2024-03-21T16:53:15.159017,Like New,True
82,28,Reverse-engineered disintermediate matrix,"Society poor matter who. Whom administration fund front return if deep. Learn question them chance often under already.
President likely truth animal red candidate common. Toward star best.",18.64,2025-02-13T12:47:49.340724,Good,False
83,21,Balanced client-driven attitude,Heavy citizen they ball account unit religious order. Indicate southern significant realize deal. Mission include visit particular also. Response partner because step.,134.36,2025-01-14T14:56:07.176096,New,False
84,20,Phased modular conglomeration,"Approach hair decide. Free source serve analysis science.
Citizen ahead method audience. Return or for cup quality. Discover body direction down include customer.",103.89,2024-11-20T06:17:55.936204,Fair,True
85,26,Centralized even-keeled challenge,Learn commercial gas though page smile point. Town official need discover in miss television describe.,140.96,2024-10-02T10:06:36.759362,Like New,True
86,27,Advanced system-worthy superstructure,Car fast positive before look. Class learn now on with. Sign them if smile have less plant.,134.66,2024-09-25T12:50:53.192190,Fair,False
87,48,Streamlined mission-critical support,Send set fly today me. Everyone as generation main money but. Question mouth factor per son war speak. Could this beautiful hospital.,181.05,2025-03-01T13:36:20.859407,Good,True
88,36,Quality-focused clear-thinking leverage,Kitchen popular factor as the discussion. Popular in garden position for order recent. Knowledge fight car smile commercial employee machine.,167.58,2024-06-07T07:58:06.514344,Good,True
89,14,Balanced foreground orchestration,"Employee continue none alone first gas. Large wish move building agent use.
Until choose wife national medical positive far. Wide senior yes project son.",88.83,2024-04-13T08:28:21.936243,Good,True
90,29,Profound hybrid core,Owner memory argue project huge respond. Hard health expect goal within them. Democratic thousand score indeed.,91.22,2024-12-13T06:49:58.564728,Like New,False
91,31,Devolved dedicated contingency,"Network amount step strong fight. Science different social child feel policy PM. President throughout individual man.
Budget everyone yes. Out gun lose job.",159.78,2024-06-20T00:42:37.365466,Like New,False
92,6,Operative scalable help-desk,"Factor police baby create physical.
Sell myself their step rate feeling rate read. Move goal century carry.
Single include TV clear design me. Somebody next ready weight suffer.",60.34,2025-01-03T22:54:31.091572,Good,True
93,49,Face-to-face clear-thinking solution,"Film decide wonder interesting several. Back simple serious amount.
Soldier message arrive. Training analysis feeling act.
Turn day top continue. Ahead certainly second everyone often goal.",50.8,2024-07-29T02:09:43.125725,Good,True
94,13,Extended multimedia emulation,Seven fire letter mind. Several relate news American foreign break exist. Save reach subject difficult imagine world into task.,33.73,2025-03-09T06:26:48.697486,New,True
95,31,Decentralized discrete interface,"Share she order series song. Green project wear would memory challenge. Blue economy market pick care between apply.
Question will him quickly check perform benefit. Produce mind man letter.",124.2,2024-05-16T00:56:24.799691,New,True
96,27,Switchable zero-defect framework,Issue fine home shake notice make network. Occur live take media hot manager wife.,177.8,2025-01-21T18:37:43.513096,Like New,False
97,45,Re-contextualized multimedia instruction set,"Receive onto worry. Now follow best major real day.
Specific property coach federal wide cut player. Subject movie explain answer. I difficult sea begin such behind front.",79.88,2024-09-28T10:20:55.901586,Fair,True
98,10,Ameliorated responsive strategy,"Officer defense while score. Environmental point speak table trade various risk. Mission hair challenge character.
Improve team treat plant suffer environment. Position either over image box.",132.93,2024-06-21T21:25:48.417480,New,True
99,50,Reactive context-sensitive project,"Site area to finish fear as western.
However style successful door. Same usually miss stock wear use edge. Draw business southern forget.",87.9,2025-02-28T13:19:46.176715,Like New,False
100,34,Robust 5thgeneration support,"Education his police red total.
Term tax home travel hotel within eight. View series father teacher.
Place these short image almost term. Likely include subject response theory star station.",95.59,2024-10-27T22:02:30.624514,Like New,True
