id,transaction_id,item_id,reviewer_id,rating,comment,created_at
1,197,57,3,3,Fear song save TV. Capital program story mention majority those live none.,2025-03-23T16:13:25.658646
2,129,93,4,5,Success mission far answer baby. Message member including.,2025-03-21T16:12:39.910409
3,42,20,30,2,Continue section page the blood. Adult house actually pretty least if price.,2025-03-26T16:15:03.657145
4,36,92,20,3,Likely teacher one cut notice street anything. Bill summer it. Support say other never fact maintain.,2025-03-22T16:14:00.656801
5,165,99,41,4,Training fund own successful prevent capital fall represent. Strategy pull same somebody son suddenly.,2025-03-23T16:18:09.439146
6,142,11,19,1,"Year size show show news. Table them page bit. Unit just lead.
Sit participant teach big. Among black picture that treat church factor.",2025-03-25T16:13:11.515524
7,32,63,8,3,Skin case investment truth together weight. Some gun ahead certainly act south want. Full I sign its.,2025-03-14T16:16:39.454015
8,196,21,12,2,Account evidence month turn record land. Thought person peace kind generation. Simple thing base Mr hope rest.,2025-03-29T16:17:33.844500
9,116,11,22,5,Would book art health phone great. Series walk large.,2025-03-24T16:14:01.952859
10,112,65,16,1,Better Republican stock bank artist thousand live. Back quality idea next single the once. You ready way rule indicate clear.,2025-03-24T16:14:08.853183
11,116,11,22,3,"Agreement central six instead view figure exist. Standard major business give.
Loss finally laugh full help strong.",2025-03-23T16:14:01.952859
12,107,85,2,1,Popular be western my. Whatever miss seek. To build view conference affect skill early.,2025-03-19T16:13:13.033738
13,129,93,4,3,Agree around hope floor. Throw election walk tonight appear dream. Only manage sell his boy art let imagine.,2025-03-19T16:12:39.910409
14,99,51,18,1,"Health world site Mr. Which new among spend which per.
Art two event. Style herself goal place one.",2025-03-19T16:18:01.917699
15,58,42,4,1,"Event production focus decision where foreign trial. Position ability live top.
New recent major hotel ball theory. Much throughout staff knowledge.",2025-03-20T16:16:30.787915
16,26,12,21,3,Sea serve quite remember course.,2025-03-19T16:17:59.320447
17,36,92,20,1,Court question yeah realize mouth. Quite third ability interview pull. Take follow such.,2025-03-24T16:14:00.656801
18,121,58,16,2,Culture forget as personal agreement. Space or phone free economy blue.,2025-03-23T16:17:01.923149
19,115,88,7,5,Site artist sort area. Phone assume quality nice far high benefit sell. Ten skin perhaps law less.,2025-03-21T16:17:01.163011
20,21,24,39,1,Those simply challenge final garden hard account only. Arm medical strong teach.,2025-03-22T16:17:42.500405
21,56,12,28,2,"Lose shoulder spring southern heavy. Contain wrong guy available air boy.
Create one she analysis ahead cup. Despite energy company suggest.",2025-03-19T16:18:25.274682
22,187,77,47,5,Drive special produce wait with young think. Budget third capital couple.,2025-03-19T16:12:46.992609
23,109,34,4,1,Material less focus hear reason resource. Listen ok point so power debate thus. Tell how fill thousand number very hear.,2025-03-18T16:17:27.529454
24,61,79,26,3,Family maybe national back. Unit better author although customer. Push economic seat shoulder suddenly.,2025-03-23T16:13:19.539427
25,13,40,40,2,"Dinner rich decide do only need. Reveal left social fine could show recently.
Last next hear officer campaign wall. Matter probably great.",2025-03-28T16:16:51.661959
26,164,78,11,5,Writer can industry sea. Western tend candidate day it report. City offer financial data respond learn cut.,2025-03-29T16:15:59.521859
27,17,42,40,1,Statement sure indeed conference pay it his probably. Believe recognize analysis those citizen think Mrs. Recently reveal describe management.,2025-03-21T16:17:14.830320
28,153,59,5,5,Machine attention nature drug wear cell star. Color adult beyond family. Scientist collection provide action event key concern.,2025-03-27T16:15:36.365546
29,162,94,43,5,Know our any help cut. Hear draw before instead writer. Star quite as when benefit structure.,2025-03-31T16:16:32.030187
30,62,75,10,2,Activity defense detail price everything perhaps. Attack despite feeling. Matter wrong Republican social two notice edge behind.,2025-03-19T16:14:11.469466
31,110,15,49,1,Scene serious people art hear. Dark heart politics draw rise.,2025-03-19T16:16:56.216412
32,91,6,3,2,Their miss contain picture ask man west appear. Voice by community nature.,2025-03-22T16:14:15.902648
33,107,85,2,2,Week growth help likely. Measure same set standard soldier after. Into bar trade feel Mr need.,2025-03-16T16:13:13.033738
34,135,35,46,3,Identify indeed house score himself film would. Impact although TV his. Class several whatever side seem give remember.,2025-03-26T16:12:41.685015
35,135,35,46,5,Effect own weight success. Bring begin represent. Huge only too million country institution.,2025-03-30T16:12:41.685015
36,130,14,38,5,"Staff ability attorney recent.
Pressure run color hear region cup. Me book note defense. Arrive consumer service else total.",2025-03-22T16:14:00.680627
37,100,59,6,4,Best mission account. Mind while entire magazine series page from radio. Yourself stage wait professor her arm. Their south able that I structure.,2025-03-24T16:17:43.042831
38,163,14,10,4,Worry whatever spend. Plant them wide.,2025-03-20T16:14:48.901129
39,65,57,23,1,Collection land break production drive deep send. Black year ahead upon. Total short detail election live today.,2025-03-25T16:17:53.638165
40,18,30,45,3,Whom join do else fact born future. Visit seat break happy table west officer ability. Operation couple hold interest.,2025-03-28T16:13:38.518939
41,188,49,43,1,"Wrong but you religious long stock manager. Arrive special check respond summer various.
Type simply task. Federal spring treatment city again hot.",2025-03-30T16:12:52.460672
42,189,17,44,3,"Gun task big. Heavy work quickly collection.
Green listen war bring. Practice order wide phone identify alone drive.",2025-03-26T16:18:09.684068
43,12,19,5,3,"Of of event seat some Congress machine popular.
Number between as training somebody. If red hour stage. Major million once research so buy send.",2025-03-18T16:15:19.211573
44,87,49,42,2,"Woman media hair name.
Eat animal watch. Process knowledge officer reason mission. Paper member reach production and already.",2025-03-22T16:16:56.367063
45,179,57,29,4,"Lay war put vote century data. Run yet recent cover head price star painting.
First skin her who. Back by body nature at. Guy four event than.",2025-03-23T16:16:50.356278
46,35,16,43,1,More red tend necessary. Between answer fish sell Congress south question small. Organization support local camera act message choice.,2025-03-30T16:15:01.405213
47,10,81,39,3,Expert weight minute responsibility under director player. Water image fine bed. Baby drive behavior offer.,2025-03-25T16:17:12.351226
48,12,19,5,2,Couple story account interesting move generation yes product.,2025-03-14T16:15:19.211573
49,81,38,49,3,Low enter able piece hour. Upon where middle throw very.,2025-03-31T16:13:51.542918
50,102,43,16,5,"Cause section accept third. Book expect card inside former. Civil current look.
Inside nearly son research. Seem sister hundred rise score stay.",2025-03-19T16:14:21.234259
51,65,57,23,1,With scene its face magazine set. Pay role cost exactly boy. Yes easy star cup relationship.,2025-03-24T16:17:53.638165
52,74,97,48,3,Imagine fill plan discuss from look.,2025-03-26T16:16:43.800942
53,168,81,21,3,"Best add necessary technology. Guess special sea open painting draw.
Once beautiful blood picture own. Only treatment pressure.",2025-03-18T16:12:56.182765
54,32,63,8,3,Thus large response treat attack industry. So cold ever whose face what article. Scientist however range that will.,2025-03-17T16:16:39.454015
55,103,98,37,4,Mean result else system fast environmental budget. Animal draw although challenge third. Establish so politics eat.,2025-03-20T16:15:37.952568
56,87,49,42,2,Despite whole computer will Mr without.,2025-03-22T16:16:56.367063
57,178,83,12,4,"Financial those stage. Could century interview lawyer population I right case.
Between himself body add store various car show.",2025-03-16T16:14:23.969568
58,133,29,29,3,Service throughout spring film look during myself. Physical but stay bill father.,2025-03-27T16:18:25.272628
59,187,77,47,4,Page concern most. Consider interesting throw reach person expert then even.,2025-03-15T16:12:46.992609
60,111,100,24,5,Floor interest really including soldier four. Himself near much manage movie. His ok instead official really.,2025-03-23T16:18:00.445335
61,140,40,48,3,Leave structure necessary use inside. Still argue case while region.,2025-03-21T16:17:31.501806
62,27,99,26,1,"Store indicate she like cell month we.
Reveal know population actually born art. Page community civil. Strategy quite then never stop try.",2025-03-29T16:16:19.958408
63,170,36,39,3,"Position crime board back owner suggest.
Executive must assume others series.",2025-03-16T16:16:24.434156
64,115,88,7,5,Matter fire hospital green can push. Imagine scientist big space change onto.,2025-03-24T16:17:01.163011
65,43,43,36,4,Task issue three similar hold decade particular avoid. Note yes best address. Natural why sit beautiful behind.,2025-03-28T16:17:58.196058
66,115,88,7,1,Guy expert important. True can happen suddenly weight health radio media. Theory yard amount within arm.,2025-03-23T16:17:01.163011
67,158,52,35,4,Should current forget fish you main. Boy lawyer nation we certainly degree nothing.,2025-03-17T16:16:30.687066
68,164,78,11,1,Clearly glass industry little read. Whole join tree now. Night throw cup.,2025-03-26T16:15:59.521859
69,172,8,25,4,Reduce visit town between because. Bed administration usually billion. Until between know ok allow face inside development.,2025-03-29T16:18:10.872551
70,132,72,25,2,Fish color occur involve new hot pattern hotel. Soon official can. Within community tough military join between.,2025-03-15T16:15:04.114752
71,37,62,32,5,Occur agent safe work. Sing cost present develop create subject risk southern. Side process ever various physical point.,2025-03-20T16:12:59.062056
72,9,59,5,2,"Piece talk bring garden get yet outside. Citizen score unit.
Ahead age memory charge term boy describe foreign. Base reality call event current.",2025-03-24T16:16:33.871216
73,61,79,26,3,Soldier onto close day reveal item land others. Staff performance parent investment note.,2025-03-25T16:13:19.539427
74,99,51,18,5,Somebody together no history own money bill. Respond watch space provide off. Radio itself spend cup anyone management.,2025-03-17T16:18:01.917699
75,155,15,26,2,Expect popular task. Treatment expect success. Already mouth month front administration like.,2025-03-17T16:14:56.910837
76,95,13,32,3,Difficult because right speech staff Mr. Various test employee. Book water avoid.,2025-03-26T16:15:48.441740
77,196,21,12,1,Next their process same day back. Art actually democratic stand could bit decade.,2025-03-31T16:17:33.844500
78,36,92,20,5,Environment live most goal. Until base issue character. Issue free kid have any him up.,2025-03-24T16:14:00.656801
79,102,43,16,3,"Offer draw mother.
Third record identify hotel detail. Manager commercial data PM relationship.",2025-03-18T16:14:21.234259
80,64,60,19,1,While program into again. Thing color set act goal. On major easy body standard note wrong.,2025-03-24T16:16:09.364887
81,189,17,44,2,Simple tax total other both rate rock. Challenge improve detail. Ground all officer receive.,2025-03-28T16:18:09.684068
82,133,29,29,4,Item lawyer why society. Body across until chair race. Whom perhaps professor field explain son administration. Design stay but.,2025-03-31T16:18:25.272628
83,31,71,9,3,Usually eat question hit human tough throw.,2025-03-20T16:13:38.375833
84,181,44,45,4,Catch kind finish various. Life into inside improve agree next. Because cell trade skill oil health.,2025-03-24T16:18:11.665000
85,157,56,7,3,"Pick rest view south perhaps. Boy a page building best.
Listen strategy kitchen argue. Feel low contain dog.",2025-03-20T16:17:03.571234
86,52,11,23,1,"Where manage property hospital. Less spend challenge exist.
Hope oil alone practice price know traditional. While life rich everybody word group.",2025-03-28T16:15:24.900537
87,19,87,18,4,Office until simple moment. Recently open oil once. Attack ahead run discuss professor material. Food discuss sign true somebody black thing.,2025-03-24T16:14:56.218713
88,183,13,36,4,Beat agency where benefit almost. Throw growth impact national. Future radio whatever rock.,2025-03-24T16:13:43.092070
89,175,74,43,3,Former difference wait two edge reflect attack. Why avoid offer table. Matter human arm recently book likely true enjoy. Allow instead customer.,2025-03-19T16:18:16.117385
90,182,81,43,1,"Wonder wear our partner ball necessary.
Rich bit market different go. Field sure will again area similar specific.",2025-03-23T16:15:51.897037
91,139,54,31,3,Animal soon their economic arm arm just. Analysis glass pretty each factor. Huge price prevent baby voice day relate spend.,2025-03-21T16:15:24.475878
92,41,93,20,2,Know difference here process mouth produce. Must girl ago. Senior from stock energy send describe agree rise.,2025-03-29T16:16:45.690032
93,131,85,32,2,Gun process site special part. Fill produce structure summer. Leg key letter whole lose such. Impact often bag today necessary.,2025-03-17T16:16:41.146631
94,52,11,23,2,Team oil among response article research else. Administration suddenly support music and.,2025-03-28T16:15:24.900537
95,127,8,39,1,Likely wind perform civil and us. Agent participant space member sit meet ok general. Her old price change several.,2025-03-24T16:13:20.503490
96,142,11,19,5,Especially structure fall during during should. Discuss fire win realize knowledge whatever. Gun goal measure trip president painting.,2025-03-23T16:13:11.515524
97,120,84,43,5,Sea call alone issue real wrong car. Truth toward great I news Republican budget. Option pattern yes and school great.,2025-03-27T16:18:25.043424
98,157,56,7,1,"Military modern meet up expect himself serious.
Sport same writer. Issue everything they fire girl.",2025-03-17T16:17:03.571234
99,80,22,17,4,"Stuff senior agree total whether music sometimes. Major state hard.
Interview know call law truth respond try. Know it enjoy ten.",2025-03-30T16:14:26.830515
100,135,35,46,4,Religious fire under item. Fish success produce there along play account. Only the detail cultural.,2025-03-29T16:12:41.685015
101,148,28,9,1,Herself on point machine prevent conference feel discussion. Property make picture our myself.,2025-03-27T16:14:05.204959
102,82,15,30,1,Recent relate similar low source major. Reach ahead environmental Democrat surface important.,2025-03-18T16:17:53.961553
103,120,84,43,5,Amount executive agency place read almost seek. Pretty capital scientist establish be available. After sea must try believe open.,2025-03-28T16:18:25.043424
104,33,21,20,5,Each admit market hour head national board. Official agent side language live. Poor forward special wish.,2025-03-26T16:13:27.752144
105,47,85,43,2,Image accept real sense some nation fine present. Leave lot never science run TV. Recognize heart series class security coach.,2025-03-19T16:16:43.882936
106,129,93,4,1,Sort weight he page line. View until result system career. Resource listen fish conference like year accept.,2025-03-18T16:12:39.910409
107,133,29,29,2,Ever star test once figure.,2025-03-29T16:18:25.272628
108,43,43,36,2,Follow time appear. Southern international line few service drive hotel. Relationship great stuff first back painting.,2025-03-28T16:17:58.196058
109,182,81,43,2,Side generation interest pay then turn course. Condition section action kind moment accept. Foreign treat trouble me actually.,2025-03-21T16:15:51.897037
110,133,29,29,3,Place make list themselves seek space although ahead. Relationship computer surface bar. Argue PM artist best.,2025-03-27T16:18:25.272628
111,65,57,23,2,"Common and part read. Common section study about event go.
Nothing recent not leg break bed role. Fish phone after college. Design hear ball.",2025-03-27T16:17:53.638165
112,71,88,49,2,Including structure evening current without else. Enough majority official give politics last. Reach color wear one choose notice year its.,2025-03-16T16:14:23.368553
113,158,52,35,5,"Only head help open almost red picture. City little from.
Tree fill level control. Keep pattern order.",2025-03-15T16:16:30.687066
114,129,93,4,2,"Whole wall cup win sell candidate four whether. Finally she soon learn.
A challenge third feeling ball door data. Right child new simply.",2025-03-22T16:12:39.910409
115,149,42,8,2,Several benefit campaign several card. Today star room interesting hour author. Prove wife agree those concern dog gun.,2025-03-15T16:17:47.722028
116,169,61,30,5,"When instead clear radio strong.
Get run pretty identify. Claim can medical. Activity president prove institution approach interesting score.",2025-03-28T16:17:26.051721
117,87,49,42,5,"Front various opportunity. Method pass the itself let.
Test least anyone out.",2025-03-19T16:16:56.367063
118,8,5,15,1,Issue ever will ready each stay strong. Notice American force although participant rich speech.,2025-03-18T16:17:31.905755
119,165,99,41,5,Soldier number yet past. Take during sometimes hear list set join. Everybody provide painting travel.,2025-03-23T16:18:09.439146
120,167,73,43,2,Step onto play forget home upon actually future. State charge take material mother color.,2025-03-28T16:13:22.359169
121,107,85,2,5,Season writer heart Mrs her we but. Design yeah number condition city since.,2025-03-16T16:13:13.033738
122,128,16,28,5,Oil individual industry country ahead difference. People your outside rule watch foot economic notice.,2025-03-21T16:13:49.749796
123,165,99,41,3,Debate leave each. Kitchen drop computer left political sound study the.,2025-03-24T16:18:09.439146
124,63,33,30,4,Resource just still art speech stock rise. Guy respond memory. Investment buy certainly energy stay send. Reveal hand prevent center.,2025-03-20T16:14:01.247807
125,117,17,18,1,"Along cause miss ago they nor research fill. Nothing fight require pull.
Chair factor his PM. Surface on chance.
Hair meet thank might local.",2025-03-23T16:14:19.683714
126,41,93,20,4,Different deal change part rock build. Ground least tree trade style.,2025-03-30T16:16:45.690032
127,124,20,45,4,"American participant necessary before. Safe true town car few. Dinner one ok less Mr.
So authority long kind live between.",2025-03-22T16:16:23.671012
128,88,30,32,5,Particular church what wonder. Small sister especially usually line task field certain.,2025-03-15T16:12:43.384274
129,81,38,49,3,Newspaper school something pay key ever. During for look return. Weight water sit hope where religious economic.,2025-03-29T16:13:51.542918
130,103,98,37,2,"Whatever guess significant section Democrat fly. Leave four question region effort.
Budget improve how main.
Art writer health not yet where their.",2025-03-19T16:15:37.952568
131,132,72,25,5,Authority possible fund month realize star. Threat husband family perhaps hope across.,2025-03-15T16:15:04.114752
132,82,15,30,2,War always camera give attorney that up probably. Field interest even view describe. Agree there want but way agent.,2025-03-18T16:17:53.961553
133,32,63,8,3,"Wait scientist group yet. Course world son growth effort born.
Account sound hundred. Great watch student its. Director red practice special then.",2025-03-17T16:16:39.454015
134,64,60,19,2,Million cell like although.,2025-03-24T16:16:09.364887
135,13,40,40,3,Agreement like same certain imagine much.,2025-03-28T16:16:51.661959
136,158,52,35,4,Response executive past economic. Continue process forget wind property.,2025-03-16T16:16:30.687066
137,41,93,20,3,Activity lose tax could thank wife. Later Democrat perform national brother evidence. Under front throughout effort southern maintain nature.,2025-03-31T16:16:45.690032
138,185,11,39,3,Their film job worker. Whom will consumer star.,2025-03-25T16:16:18.711851
139,196,21,12,2,Walk participant teach everything where we fast. Will throw life carry visit a edge.,2025-03-30T16:17:33.844500
140,132,72,25,4,Difficult we cell husband. Want charge kitchen public set action bring find. Sign out discussion just.,2025-03-18T16:15:04.114752
141,79,70,24,4,One then reality some serve different. Become rule where ten. Thank professor student white instead.,2025-03-22T16:12:48.150833
142,24,53,46,4,Opportunity program billion sit remain. Parent not parent that property among blue. Offer brother shake guess.,2025-03-25T16:13:47.815368
143,118,77,34,2,Wind eat land answer leader yard. Shoulder civil next tell possible. Send sit common matter become goal.,2025-03-19T16:17:48.361851
144,150,56,12,3,Fast nice concern peace away behavior Republican. System certainly future government card history. Party wife food different step.,2025-03-16T16:15:57.843865
145,13,40,40,3,News your court control million hundred. Thousand without section religious word sound enjoy. Hair understand doctor music baby really.,2025-03-28T16:16:51.661959
146,153,59,5,4,Well commercial nice next. Time live relationship as. Assume rest now water road require.,2025-03-29T16:15:36.365546
147,138,82,2,1,"As including claim create woman similar writer structure. Power manager build.
Watch off we hold. High listen suggest consumer find concern.",2025-03-15T16:15:21.671825
148,111,100,24,2,"Son nothing hear. Western country per consider.
Best raise choice hear computer key. Medical sport knowledge performance.",2025-03-24T16:18:00.445335
149,187,77,47,3,Six want protect assume east center. Could identify group true TV specific travel. Better mind professional fly month offer mother hour.,2025-03-18T16:12:46.992609
150,94,96,48,1,"Water film onto too myself.
Move another field. Goal Mrs statement range its. Model condition he recognize treat better wear.",2025-03-19T16:18:15.500812
